{"description":"Data Asset Type","fields":[{"key":"dataset","type":"boolean","facet":true,"is_array":false,"is_searchable_across_types":false},{"key":"mime_type","type":"string","facet":true,"is_array":false,"is_searchable_across_types":true},{"key":"columns","type":"string","facet":true,"is_array":true,"search_path":"columns[].name","is_searchable_across_types":true}],"external_asset_preview":{},"relationships":[],"localized_metadata_attributes":{"name":{"default":"Data","en":"Data"}},"global_search_searchable":[],"attribute_only":false,"data_protection":{"all_attachments":true},"version":6,"name":"data_asset","scope":"GLOBAL","is_column_custom_attribute":false,"allow_decorators":true}
