{"fields":[{"key":"status","type":"string","facet":false,"is_array":false,"search_path":"status","is_searchable_across_types":false},{"key":"created_at","type":"number","facet":false,"is_array":false,"search_path":"created_at","is_searchable_across_types":false}],"relationships":[],"identity":{"strategy":"DUPLICATE_DETECTION_BY_NAME"},"global_search_searchable":[],"attribute_only":false,"version":1,"name":"orchestration_flow","scope":"GLOBAL","is_column_custom_attribute":false,"allow_decorators":true}
